
INSERT INTO public.users_account ( first_name, last_name, email, password, phone, role, avatar_id) VALUES ( 'Виталий', 'Скрипка', 'uswwer@gmail.com', '$2a$10$roA9QR2vY2YRtSKl.l4XYuTukHeAhpy9qouwJmvpEtDkWhrjrh0Ge', '+75556665556', 'ROLE_USER', 'cff3de67-929a-487d-aea7-bdb99aba79d1');
INSERT INTO public.users_account ( first_name, last_name, email, password, phone, role, avatar_id) VALUES ( 'Виталий', 'Сапогов', 'quser@gmail.com', '$2a$10$bkKw9Ue.57nxRfUHTQ.7c.usGrskFzDjFkBoOEnjUa4Gqe7bN6jcu', '+74441222000', 'ROLE_USER', '48a03975-c22c-45fa-bb32-9f77cf252d53');
INSERT INTO public.users_account ( first_name, last_name, email, password, phone, role, avatar_id) VALUES ( 'Лаврентий', 'Берия', 'shapka@gmail.com', '$2a$10$gVJog9Ypj5komHpluIJQNev3gQFe1pQZdBEg9i0.U8vcGlevOYfb6', '+75556665556', 'ROLE_USER', '29e86635-48c1-4f3b-acd4-98b892026dff');
INSERT INTO public.users_account ( first_name, last_name, email, password, phone, role, avatar_id) VALUES ( 'Алефтина', 'Егорова', 'uscccer@gmail.com', '$2a$10$kyTOZuNS5Y562754z/y1weN2eh6tJH7mXOevjyDaORkwQv1baSUPq', '+75552221110', 'ROLE_USER', '21b4741b-dffb-466d-ba6d-d52efe80fac0');
INSERT INTO public.users_account ( first_name, last_name, email, password, phone, role, avatar_id) VALUES ( 'Алефтина', 'Вайс', 'usetrtr@gmail.com', '$2a$10$q6EZwrMPfNWls4SzJXt/XuCqP4TyN7bbt4jZ0/azC5BspB9NuEnoe', '+75556665556', 'ROLE_USER', null);
INSERT INTO public.users_account ( first_name, last_name, email, password, phone, role, avatar_id) VALUES ( 'Лаврентий', 'Скрипка', 'useddr@gmail.com', '$2a$10$VxndWfir2TbJD0pkzxnUauD88Lz4YjRlUtiWTa.041N1JuxGtckie', '+74441222000', 'ROLE_USER', 'b419a4d3-8fbd-455d-9078-7de3a58c7422');

INSERT INTO public.ads_pictures (uuid, content_size, media_type, file_bytes, file_name, file_path) VALUES ('6b8ab922-a53a-41df-a6a7-a9670af430f2', 872892, 'image/bmp', null, 'r7vm4067.bmp', 'pictures\b0416aa3894173643e6a61f4091e870a.bmp');
INSERT INTO public.ads_pictures (uuid, content_size, media_type, file_bytes, file_name, file_path) VALUES ('f6e63573-1c6c-4b89-9cc2-633e0fc5fdc8', 3280, 'image/svg+xml', null, 'pets-svgrepo-com.svg', 'pictures\225dc3d82fe38adc2ff1e88d02a4d307.png');
INSERT INTO public.ads_pictures (uuid, content_size, media_type, file_bytes, file_name, file_path) VALUES ('8951637e-547a-4933-b8fe-83a72353f739', 3749, 'image/jpeg', null, 'images (9).jfif', 'pictures\5efde5af13ea6b31ae95f291ef61fe54.jfif');
INSERT INTO public.ads_pictures (uuid, content_size, media_type, file_bytes, file_name, file_path) VALUES ('e17922fd-67f5-428e-a7ef-b8f6fe2e0efd', 3353, 'image/jpeg', null, 'images (5).jfif', 'pictures\518106cc42e6204b825fad4c13d58522.jfif');
INSERT INTO public.ads_pictures (uuid, content_size, media_type, file_bytes, file_name, file_path) VALUES ('41d301c2-81a1-40d2-a623-330da3768fd0', 6908, 'image/jpeg', null, 'images (1).jpg', 'pictures\32ee963657164b122ae4d2e2e72565e3.jpg');
INSERT INTO public.ads_pictures (uuid, content_size, media_type, file_bytes, file_name, file_path) VALUES ('b663d6cd-8d53-48fe-9edf-997952934cf7', 11026, 'image/jpeg', null, 'dd.jpg', 'pictures\83d3c12ee71445b3ae1f9a769ac71cf1.jpg');
INSERT INTO public.ads_pictures (uuid, content_size, media_type, file_bytes, file_name, file_path) VALUES ('eb1da844-0cf3-4909-8089-20113576b500', 12551, 'image/jpeg', null, 'asd.jpg', 'pictures\9cbc4a7b79073c1c7de9a7e91b8c43fa.jpg');
INSERT INTO public.ads_pictures (uuid, content_size, media_type, file_bytes, file_name, file_path) VALUES ('59ad1f79-d53c-4ba8-bcdf-0253b0522c59', 6953, 'image/jpeg', null, 'images (23).jfif', 'pictures\80aa282e04540c939c8bcb8101807a94.jfif');
INSERT INTO public.ads_pictures (uuid, content_size, media_type, file_bytes, file_name, file_path) VALUES ('a91f8f13-2ce7-4b59-82ef-1eabd5209a83', 11930, 'image/jpeg', null, 'images (26).jfif', 'pictures\7501b541e93481dd9097aa9fcbee3b0a.jfif');
INSERT INTO public.ads_pictures (uuid, content_size, media_type, file_bytes, file_name, file_path) VALUES ('507a51dc-e47e-46c2-9ecb-878ab8687094', 9917, 'image/jpeg', null, 'images (22).jfif', 'pictures\bf3b2cf5b73eda329696f5c6c2dd05a6.jfif');
INSERT INTO public.ads_pictures (uuid, content_size, media_type, file_bytes, file_name, file_path) VALUES ('e1246225-8ec6-4801-b9bf-5b611e7ebc4e', 5791, 'image/jpeg', null, 'images (7).jfif', 'pictures\17f1050b24e7e326ab2fed40b0d01ea0.jfif');

INSERT INTO public.ads ( user_id, description, price, title, picture) VALUES ( 3, 'клёвый фон', 233, 'Тигр в профиль', '6b8ab922-a53a-41df-a6a7-a9670af430f2');
INSERT INTO public.ads ( user_id, description, price, title, picture) VALUES ( 3, 'всё такое', 222, 'лапа знак', 'f6e63573-1c6c-4b89-9cc2-633e0fc5fdc8');
INSERT INTO public.ads ( user_id, description, price, title, picture) VALUES (4, 'клёвый фон', 4555, 'Айфон 44', '8951637e-547a-4933-b8fe-83a72353f739');
INSERT INTO public.ads ( user_id, description, price, title, picture) VALUES ( 4, 'всё такое', 4555, 'Нож крутой', 'e17922fd-67f5-428e-a7ef-b8f6fe2e0efd');
INSERT INTO public.ads ( user_id, description, price, title, picture) VALUES ( 5, 'работает исправно', 333, 'Глушитель', '41d301c2-81a1-40d2-a623-330da3768fd0');
INSERT INTO public.ads ( user_id, description, price, title, picture) VALUES ( 5, 'клёвый фон', 400, 'Картина маслом', 'b663d6cd-8d53-48fe-9edf-997952934cf7');
INSERT INTO public.ads ( user_id, description, price, title, picture) VALUES ( 6, 'всё такое', 2111, 'Игрушки ', 'eb1da844-0cf3-4909-8089-20113576b500');
INSERT INTO public.ads ( user_id, description, price, title, picture) VALUES ( 6, 'работает исправно', 2888, 'видео наушники', '59ad1f79-d53c-4ba8-bcdf-0253b0522c59');
INSERT INTO public.ads ( user_id, description, price, title, picture) VALUES ( 7, 'работает исправно', 9000, 'посудомойка', 'a91f8f13-2ce7-4b59-82ef-1eabd5209a83');
INSERT INTO public.ads ( user_id, description, price, title, picture) VALUES ( 7, 'всё такое', 30999, 'кинотеатр', '507a51dc-e47e-46c2-9ecb-878ab8687094');
INSERT INTO public.ads ( user_id, description, price, title, picture) VALUES ( 8, 'золото чистое', 5000, 'песня по зайцев', 'e1246225-8ec6-4801-b9bf-5b611e7ebc4e');

INSERT INTO public.ads_comment ( user_id, ads_id, created_at, text) VALUES ( 8, 3, '2023-01-10 14:57:45.931628 +00:00', 'на кухню можно?');
INSERT INTO public.ads_comment ( user_id, ads_id, created_at, text) VALUES ( 8, 5, '2023-01-10 14:58:42.277465 +00:00', 'до курилов дозвонюсь?');
INSERT INTO public.ads_comment ( user_id, ads_id, created_at, text) VALUES ( 8, 6, '2023-01-10 14:59:21.728672 +00:00', 'опасно аж жуть');
INSERT INTO public.ads_comment ( user_id, ads_id, created_at, text) VALUES ( 5, 4, '2023-01-10 15:00:05.990457 +00:00', 'бла бла бла');
INSERT INTO public.ads_comment ( user_id, ads_id, created_at, text) VALUES ( 5, 3, '2023-01-10 15:00:34.929374 +00:00', 'бла бла бла');
